x, y, theta, stamp, 
-1.9999139563287773, -0.50000104199579, 6.1911515849231065e-06, 475651000000, 
-1.9999139483206294, -0.5000010419941585, 6.1916221313007755e-06, 475685000000, 
-1.999913929861848, -0.5000010420802395, 6.192097368809954e-06, 475719000000, 
