x, y, theta, stamp, 
-1.9999157326872976, -0.5000010389745492, 5.809445504085622e-06, 445435000000, 
